store_id,total_revenue
STORE_5,49651.66999999998
STORE_4,46890.359999999986
STORE_3,46598.63
STORE_1,45977.55000000003
STORE_2,43715.47999999999
